Model,Collection,Field,InlineType,CatalogType,Required,Readonly
agileScheme,project_status,id,id,number,false,true
agileScheme,sprint_status,id,id,number,false,true
agileScheme,story_status,id,id,number,false,true
agileScheme,task_status,id,id,number,false,true
agileScheme,bug_status,id,id,number,false,true
agileScheme,bug_severity,id,id,number,false,true
agileScheme,priority,id,id,number,false,true
agileScheme,member_role,id,id,number,false,true
agileScheme,milestone_status,id,id,number,false,true
agileScheme,team_member,id,id,number,false,true
agileScheme,team_member,avatar,image,text,false,false
agileScheme,project,id,id,number,false,true
agileScheme,project,description,text-lg,text-block,false,false
agileScheme,project,icon,image,icon,false,false
agileScheme,project_member,id,id,number,false,true
agileScheme,label,id,id,number,false,true
agileScheme,epic,id,id,number,false,true
agileScheme,epic,description,text-lg,text-block,false,false
agileScheme,milestone,id,id,number,false,true
agileScheme,milestone,description,text-lg,text-block,false,false
agileScheme,release,id,id,number,false,true
agileScheme,release,version,text,number,true,false
agileScheme,sprint,id,id,number,false,true
agileScheme,story,id,id,number,false,true
agileScheme,story,description,text-lg,text-block,false,false
agileScheme,story_label,id,id,number,false,true
agileScheme,task,id,id,number,false,true
agileScheme,task,description,text-lg,text-block,false,false
agileScheme,bug,id,id,number,false,true
agileScheme,bug,description,text-lg,text-block,false,false
agileScheme,worklog,id,id,number,false,true
agileScheme,worklog,description,text-lg,text-block,false,false
agileScheme,comment,id,id,number,false,true
agileScheme,attachment,id,id,number,false,true
blogcmsScheme,post_status,id,id,number,false,true
blogcmsScheme,comment_status,id,id,number,false,true
blogcmsScheme,page_template,id,id,number,false,true
blogcmsScheme,category,id,id,number,false,true
blogcmsScheme,category,description,text-lg,text-block,false,false
blogcmsScheme,tag,id,id,number,false,true
blogcmsScheme,author,id,id,number,false,true
blogcmsScheme,author,avatar,image,text,false,false
blogcmsScheme,media,id,id,number,false,true
blogcmsScheme,post,id,id,number,false,true
blogcmsScheme,post_tag,id,id,number,false,true
blogcmsScheme,page,id,id,number,false,true
blogcmsScheme,comment,id,id,number,false,true
boutiqueScheme,order_status,id,id,number,false,true
boutiqueScheme,payment_status,id,id,number,false,true
boutiqueScheme,product_status,id,id,number,false,true
boutiqueScheme,cart_status,id,id,number,false,true
boutiqueScheme,payment_method,id,id,number,false,true
boutiqueScheme,address_type,id,id,number,false,true
boutiqueScheme,currency,id,id,number,false,true
boutiqueScheme,brand,id,id,number,false,true
boutiqueScheme,brand,description,text-lg,text-block,false,false
boutiqueScheme,category,id,id,number,false,true
boutiqueScheme,category,description,text-lg,text-block,false,false
boutiqueScheme,product,id,id,number,false,true
boutiqueScheme,product,description,text-lg,text-block,false,false
boutiqueScheme,variant,id,id,number,false,true
boutiqueScheme,product_image,id,id,number,false,true
boutiqueScheme,product_image,url,image,url,true,false
boutiqueScheme,address,id,id,number,false,true
boutiqueScheme,customer_address,id,id,number,false,true
boutiqueScheme,customer,id,id,number,false,true
boutiqueScheme,customer,phone,phone,text,false,false
boutiqueScheme,cart,id,id,number,false,true
boutiqueScheme,cart_item,id,id,number,false,true
boutiqueScheme,order,id,id,number,false,true
boutiqueScheme,order,total,currency,number,true,false
boutiqueScheme,order_item,id,id,number,false,true
boutiqueScheme,payment,id,id,number,false,true
boutiqueScheme,shipping_method,id,id,number,false,true
boutiqueScheme,coupon,id,id,number,false,true
boutiqueScheme,review,id,id,number,false,true
comixScheme,page_status,id,id,number,false,true
comixScheme,issue_status,id,id,number,false,true
comixScheme,credit_role,id,id,number,false,true
comixScheme,panel_shape,id,id,number,false,true
comixScheme,bubble_type,id,id,number,false,true
comixScheme,genre,id,id,number,false,true
comixScheme,publisher,id,id,number,false,true
comixScheme,creator,id,id,number,false,true
comixScheme,series,id,id,number,false,true
comixScheme,series_genre,id,id,number,false,true
comixScheme,character,id,id,number,false,true
comixScheme,location,id,id,number,false,true
comixScheme,location,description,text-lg,text-block,false,false
comixScheme,issue,id,id,number,false,true
comixScheme,issue_credit,id,id,number,false,true
comixScheme,script,id,id,number,false,true
comixScheme,page,id,id,number,false,true
comixScheme,panel,id,id,number,false,true
comixScheme,panel,description,text-lg,text-block,false,false
comixScheme,panel_character,id,id,number,false,true
comixScheme,bubble,id,id,number,false,true
comixScheme,asset,id,id,number,false,true
comixScheme,revision,id,id,number,false,true
crfrScheme,app_conf,id,id,number,false,true
crfrScheme,app_daemon,id,id,number,false,true
crfrScheme,app_version,id,id,number,false,true
crfrScheme,app_version_file,id,id,number,false,true
crfrScheme,conge,id,id,number,false,true
crfrScheme,conge_statut,id,id,number,false,true
crfrScheme,conge_type,id,id,number,false,true
crfrScheme,document_extension,id,id,number,false,true
crfrScheme,document_type,id,id,number,false,true
crfrScheme,note,id,id,number,false,true
crfrScheme,tache,id,id,number,false,true
crfrScheme,tache,description,text-long,text-block,false,false
crfrScheme,tache_statut,id,id,number,false,true
crfrScheme,tache_statut,icon,text,icon,false,false
crfrScheme,tache_type,id,id,number,false,true
crfrScheme,tache_type,icon,text,icon,false,false
crfrScheme,todo,id,id,number,false,true
crfrScheme,type_activite,id,id,number,false,true
crfrScheme,type_activite,description,text,text-block,false,false
crfrScheme,user_list,id,id,number,false,true
crfrScheme,user_note,id,id,number,false,true
crfrScheme,user_table,id,id,number,false,true
crfrScheme,user_tuile,id,id,number,false,true
crfrScheme,vacance,id,id,number,false,true
crfrScheme,vacance,description,text,text-block,false,false
crfrScheme,client,id,id,number,false,true
crfrScheme,client,phone,phone,text,false,false
crfrScheme,client_type,id,id,number,false,true
crfrScheme,devis,id,id,number,false,true
crfrScheme,devis,description,text-long,text-block,false,false
crfrScheme,devis,phone,phone,text,false,false
crfrScheme,devis_acompte,id,id,number,false,true
crfrScheme,devis_acompte_type,id,id,number,false,true
crfrScheme,devis_annotation,id,id,number,false,true
crfrScheme,devis_envie,id,id,number,false,true
crfrScheme,devis_mail,id,id,number,false,true
crfrScheme,devis_marge,id,id,number,false,true
crfrScheme,devis_marge_type,id,id,number,false,true
crfrScheme,devis_passager,id,id,number,false,true
crfrScheme,devis_passager,phone,phone,text,false,false
crfrScheme,devis_prestation,id,id,number,false,true
crfrScheme,devis_prestation,description,text-long,text-block,false,false
crfrScheme,devis_prestation,total,currency,number,false,false
crfrScheme,devis_statut,id,id,number,false,true
crfrScheme,devis_type,id,id,number,false,true
crfrScheme,devis_type,description,text,text-block,false,false
crfrScheme,document,id,id,number,false,true
crfrScheme,dossier_devis,id,id,number,false,true
crfrScheme,facture,id,id,number,false,true
crfrScheme,facture,total,currency,number,false,false
crfrScheme,facture_ligne,id,id,number,false,true
crfrScheme,facture_type,id,id,number,false,true
crfrScheme,paiement,id,id,number,false,true
crfrScheme,prestataire,id,id,number,false,true
crfrScheme,prestataire,phone,phone,text,false,false
crfrScheme,prestataire,fax,phone,text,false,false
crfrScheme,prestataire,description,text,text-block,false,false
crfrScheme,newsletter,id,id,number,false,true
crfrScheme,newsletter,description,text-long,text-block,false,false
crfrScheme,newsletter,content,text-long,text,false,false
crfrScheme,newsletter_block,id,id,number,false,true
crfrScheme,newsletter_item,id,id,number,false,true
crfrScheme,newsletter_item,description,text-long,text-block,false,false
crfrScheme,newsletter_item_type,id,id,number,false,true
crfrScheme,newsletter_type,id,id,number,false,true
crfrScheme,aeroport,id,id,number,false,true
crfrScheme,aeroport,description,text-long,text-block,false,false
crfrScheme,aeroport,image,text,image,false,false
crfrScheme,asavoir,id,id,number,false,true
crfrScheme,asavoir,description,text,text-block,false,false
crfrScheme,asavoir_type,id,id,number,false,true
crfrScheme,asavoir_type,description,text,text-block,false,false
crfrScheme,continent,id,id,number,false,true
crfrScheme,continent,description,text-long,text-block,false,false
crfrScheme,destination,id,id,number,false,true
crfrScheme,destination,description,text-long,text-block,false,false
crfrScheme,fleuve,id,id,number,false,true
crfrScheme,fleuve,image,text,image,false,false
crfrScheme,fleuve,description,text-long,text-block,false,false
crfrScheme,fleuve_type,id,id,number,false,true
crfrScheme,fournisseur,id,id,number,false,true
crfrScheme,fournisseur,description,text-long,text-block,false,false
crfrScheme,fournisseur_clause,id,id,number,false,true
crfrScheme,fournisseur_clause_type,id,id,number,false,true
crfrScheme,fournisseur_presentation,id,id,number,false,true
crfrScheme,fournisseur_presentation,description,text-long,text-block,false,false
crfrScheme,fournisseur_presentation_type,id,id,number,false,true
crfrScheme,fournisseur_presentation_type,description,text-long,text-block,false,false
crfrScheme,fournisseur_type,id,id,number,false,true
crfrScheme,gamme,id,id,number,false,true
crfrScheme,gamme,image,text,image,false,false
crfrScheme,gamme,description,text-long,text-block,false,false
crfrScheme,hotel,id,id,number,false,true
crfrScheme,hotel,image,text,image,false,false
crfrScheme,hotel,description,text,text-block,false,false
crfrScheme,hotel_clause,id,id,number,false,true
crfrScheme,hotel_clause,description,text-long,text-block,false,false
crfrScheme,hotel_gamme,id,id,number,false,true
crfrScheme,hotel_type,id,id,number,false,true
crfrScheme,hotel_type,description,text,text-block,false,false
crfrScheme,mer,id,id,number,false,true
crfrScheme,mer,image,text,image,false,false
crfrScheme,mer,description,text-long,text-block,false,false
crfrScheme,mer_type,id,id,number,false,true
crfrScheme,pays,id,id,number,false,true
crfrScheme,pays,image,text,image,false,false
crfrScheme,pays,description,text,text-block,false,false
crfrScheme,produit,id,id,number,false,true
crfrScheme,produit,description,text,text-block,false,false
crfrScheme,produit_etape,id,id,number,false,true
crfrScheme,produit_etape,image,text,image,false,false
crfrScheme,produit_etape,description,text-long,text-block,false,false
crfrScheme,produit_selection,id,id,number,false,true
crfrScheme,produit_selection,description,text,text-block,false,false
crfrScheme,produit_tarif,id,id,number,false,true
crfrScheme,produit_tarif_gamme,id,id,number,false,true
crfrScheme,produit_tarif_gamme_type,id,id,number,false,true
crfrScheme,produit_type,id,id,number,false,true
crfrScheme,produit_type,description,text,text-block,false,false
crfrScheme,produit_type_type,id,id,number,false,true
crfrScheme,theme,id,id,number,false,true
crfrScheme,theme,description,text,text-block,false,false
crfrScheme,theme_type,id,id,number,false,true
crfrScheme,transport,id,id,number,false,true
crfrScheme,transport,description,text-long,text-block,false,false
crfrScheme,transport_cabine,id,id,number,false,true
crfrScheme,transport_cabine,description,text-long,text-block,false,false
crfrScheme,transport_gamme,id,id,number,false,true
crfrScheme,transport_pont,id,id,number,false,true
crfrScheme,transport_presentation,id,id,number,false,true
crfrScheme,transport_presentation_type,id,id,number,false,true
crfrScheme,transport_type,id,id,number,false,true
crfrScheme,ville,id,id,number,false,true
crfrScheme,ville,description,text-long,text-block,false,false
crfrScheme,ville,latitude,text,number,false,false
crfrScheme,ville,longitude,text,number,false,false
crfrScheme,article,id,id,number,false,true
crfrScheme,article,description,text,text-block,false,false
crfrScheme,article,content,text-long,text,false,false
crfrScheme,article,thumbnail,text,image,false,false
crfrScheme,article_type,id,id,number,false,true
crfrScheme,categorie,id,id,number,false,true
crfrScheme,categorie,description,text,text-block,false,false
crfrScheme,site,id,id,number,false,true
crfrScheme,site_type,id,id,number,false,true
crfrScheme,daemon,id,id,number,false,true
crfrScheme,appsite,id,id,number,false,true
crfrScheme,appsite_page,id,id,number,false,true
crfrScheme,appsite_page_ligne,id,id,number,false,true
crfrScheme,appsite_page_type,id,id,number,false,true
crfrScheme,appsite_template,id,id,number,false,true
crfrScheme,appsite_template,description,text-long,text-block,false,false
crfrScheme,appsite_template_type,id,id,number,false,true
crfrScheme,feed_header,id,id,number,false,true
crfrScheme,feed_header,description,text-long,text-block,false,false
crfrScheme,xml_conf,id,id,number,false,true
crfrScheme,xml_cruise,id,id,number,false,true
crfrScheme,xml_destination,id,id,number,false,true
crfrScheme,xml_itinerary,id,id,number,false,true
crfrScheme,xml_job,id,id,number,false,true
crfrScheme,xml_price,id,id,number,false,true
crfrScheme,xml_ville,id,id,number,false,true
demoScheme,category,id,id,number,false,true
demoScheme,category,description,text-lg,text-block,false,false
demoScheme,location_office,id,id,number,false,true
demoScheme,location_office,phone,phone,text,false,false
demoScheme,supplier,id,id,number,false,true
demoScheme,supplier,phone,phone,text,false,false
demoScheme,seller,id,id,number,false,true
demoScheme,seller,phone,phone,text,false,false
demoScheme,seller,status,text,status,false,false
demoScheme,vehicle,id,id,number,false,true
demoScheme,vehicle,status,text,status,false,false
demoScheme,vehicle_acquisition,id,id,number,false,true
demoScheme,insurance,id,id,number,false,true
demoScheme,insurance,status,text,status,false,false
demoScheme,maintenance,id,id,number,false,true
demoScheme,maintenance,status,text,status,false,false
demoScheme,fuel_log,id,id,number,false,true
demoScheme,customer,id,id,number,false,true
demoScheme,customer,phone,phone,text,false,false
demoScheme,pricing_rule,id,id,number,false,true
demoScheme,rental,id,id,number,false,true
demoScheme,rental,status,text,status,false,false
demoScheme,damage_report,id,id,number,false,true
demoScheme,damage_report,description,text-lg,text-block,true,false
demoScheme,damage_report,status,text,status,false,false
demoScheme,lead,id,id,number,false,true
demoScheme,lead,phone,phone,text,false,false
demoScheme,lead,status,text,status,false,false
demoScheme,sale_task,id,id,number,false,true
demoScheme,sale_task,status,text,status,false,false
factoryScheme,item_type,id,id,number,false,true
factoryScheme,work_order_status,id,id,number,false,true
factoryScheme,po_status,id,id,number,false,true
factoryScheme,lot_status,id,id,number,false,true
factoryScheme,qc_result,id,id,number,false,true
factoryScheme,uom,id,id,number,false,true
factoryScheme,machine_status,id,id,number,false,true
factoryScheme,item,id,id,number,false,true
factoryScheme,item,description,text-lg,text-block,false,false
factoryScheme,supplier,id,id,number,false,true
factoryScheme,supplier,phone,phone,text,false,false
factoryScheme,supplier_item,id,id,number,false,true
factoryScheme,bom,id,id,number,false,true
factoryScheme,bom,version,text,number,false,false
factoryScheme,bom_line,id,id,number,false,true
factoryScheme,work_center,id,id,number,false,true
factoryScheme,machine,id,id,number,false,true
factoryScheme,routing,id,id,number,false,true
factoryScheme,operation,id,id,number,false,true
factoryScheme,work_order,id,id,number,false,true
factoryScheme,wo_operation,id,id,number,false,true
factoryScheme,material_consumption,id,id,number,false,true
factoryScheme,warehouse,id,id,number,false,true
factoryScheme,stock_location,id,id,number,false,true
factoryScheme,lot,id,id,number,false,true
factoryScheme,stock_move,id,id,number,false,true
factoryScheme,purchase_order,id,id,number,false,true
factoryScheme,purchase_order,total,currency,number,false,false
factoryScheme,po_line,id,id,number,false,true
factoryScheme,quality_check,id,id,number,false,true
flixScheme,title_type,id,id,number,false,true
flixScheme,role_type,id,id,number,false,true
flixScheme,age_rating,id,id,number,false,true
flixScheme,subscription_status,id,id,number,false,true
flixScheme,video_quality,id,id,number,false,true
flixScheme,language,id,id,number,false,true
flixScheme,genre,id,id,number,false,true
flixScheme,studio,id,id,number,false,true
flixScheme,person,id,id,number,false,true
flixScheme,title,id,id,number,false,true
flixScheme,title_genre,id,id,number,false,true
flixScheme,title_studio,id,id,number,false,true
flixScheme,credit,id,id,number,false,true
flixScheme,season,id,id,number,false,true
flixScheme,episode,id,id,number,false,true
flixScheme,video_asset,id,id,number,false,true
flixScheme,audio_track,id,id,number,false,true
flixScheme,subtitle,id,id,number,false,true
flixScheme,plan,id,id,number,false,true
flixScheme,viewer,id,id,number,false,true
flixScheme,viewer,phone,phone,text,false,false
flixScheme,subscription,id,id,number,false,true
flixScheme,viewer_profile,id,id,number,false,true
flixScheme,viewer_profile,avatar,image,text,false,false
flixScheme,watchlist,id,id,number,false,true
flixScheme,watch_history,id,id,number,false,true
flixScheme,rating,id,id,number,false,true
hippoScheme,race_type,id,id,number,false,true
hippoScheme,race_discipline,id,id,number,false,true
hippoScheme,race_status,id,id,number,false,true
hippoScheme,track_surface,id,id,number,false,true
hippoScheme,going,id,id,number,false,true
hippoScheme,bet_type,id,id,number,false,true
hippoScheme,bet_status,id,id,number,false,true
hippoScheme,horse_gender,id,id,number,false,true
hippoScheme,racetrack,id,id,number,false,true
hippoScheme,track,id,id,number,false,true
hippoScheme,meeting,id,id,number,false,true
hippoScheme,stable,id,id,number,false,true
hippoScheme,stable,phone,phone,text,false,false
hippoScheme,owner,id,id,number,false,true
hippoScheme,owner,phone,phone,text,false,false
hippoScheme,trainer,id,id,number,false,true
hippoScheme,trainer,phone,phone,text,false,false
hippoScheme,jockey,id,id,number,false,true
hippoScheme,jockey,phone,phone,text,false,false
hippoScheme,horse,id,id,number,false,true
hippoScheme,race,id,id,number,false,true
hippoScheme,runner,id,id,number,false,true
hippoScheme,race_result,id,id,number,false,true
hippoScheme,punter,id,id,number,false,true
hippoScheme,punter,phone,phone,text,false,false
hippoScheme,bet,id,id,number,false,true
hippoScheme,bet_selection,id,id,number,false,true
hoteloScheme,booking_status,id,id,number,false,true
hoteloScheme,room_status,id,id,number,false,true
hoteloScheme,payment_status,id,id,number,false,true
hoteloScheme,housekeeping_status,id,id,number,false,true
hoteloScheme,bed_type,id,id,number,false,true
hoteloScheme,channel,id,id,number,false,true
hoteloScheme,rate_type,id,id,number,false,true
hoteloScheme,property,id,id,number,false,true
hoteloScheme,property,phone,phone,text,false,false
hoteloScheme,amenity,id,id,number,false,true
hoteloScheme,amenity,icon,image,icon,false,false
hoteloScheme,room_type,id,id,number,false,true
hoteloScheme,room_type,description,text-lg,text-block,false,false
hoteloScheme,room_type_amenity,id,id,number,false,true
hoteloScheme,room,id,id,number,false,true
hoteloScheme,rate_plan,id,id,number,false,true
hoteloScheme,rate_plan,description,text-lg,text-block,false,false
hoteloScheme,daily_rate,id,id,number,false,true
hoteloScheme,availability,id,id,number,false,true
hoteloScheme,guest,id,id,number,false,true
hoteloScheme,guest,phone,phone,text,false,false
hoteloScheme,booking,id,id,number,false,true
hoteloScheme,booking,total,currency,number,true,false
hoteloScheme,booking_room,id,id,number,false,true
hoteloScheme,stay,id,id,number,false,true
hoteloScheme,service,id,id,number,false,true
hoteloScheme,folio_charge,id,id,number,false,true
hoteloScheme,folio_charge,description,text,text-block,true,false
hoteloScheme,payment,id,id,number,false,true
hoteloScheme,housekeeping_task,id,id,number,false,true
hoteloScheme,review,id,id,number,false,true
idaenextScheme,accessoire,id,id,number,false,true
idaenextScheme,affaire,id,id,number,false,true
idaenextScheme,affaire,dateCreation,date,datetime,false,false
idaenextScheme,affaire,montantHt,currency,number,false,false
idaenextScheme,affaire,totalTtc,currency,number,false,false
idaenextScheme,affaire,totalTva,currency,number,false,false
idaenextScheme,affaire,description,text,text-block,false,false
idaenextScheme,affaire,totalHt,currency,number,false,false
idaenextScheme,agence,id,id,number,false,true
idaenextScheme,agent,id,id,number,false,true
idaenextScheme,agent,mobile,phone,text,false,false
idaenextScheme,agent,telephone,phone,text,false,false
idaenextScheme,agent,telephone2,phone,text,false,false
idaenextScheme,agent_activite,id,id,number,false,true
idaenextScheme,agent_activite,heure,datetime,text,false,false
idaenextScheme,agent_history,id,id,number,false,true
idaenextScheme,agent_history,heure,datetime,text,false,false
idaenextScheme,agent_liste,id,id,number,false,true
idaenextScheme,agent_liste_ligne,id,id,number,false,true
idaenextScheme,agent_note,id,id,number,false,true
idaenextScheme,agent_note,dateCreation,date,datetime,false,false
idaenextScheme,agent_note,description,text-long,text-block,false,false
idaenextScheme,agent_note,valeur,text,number,false,false
idaenextScheme,agent_pref,id,id,number,false,true
idaenextScheme,agent_recherche,id,id,number,false,true
idaenextScheme,agent_table,id,id,number,false,true
idaenextScheme,agent_tuile,id,id,number,false,true
idaenextScheme,agent_type,id,id,number,false,true
idaenextScheme,app_conf,id,id,number,false,true
idaenextScheme,app_daemon,id,id,number,false,true
idaenextScheme,app_version,id,id,number,false,true
idaenextScheme,app_version,dateCreation,date,datetime,false,false
idaenextScheme,app_version_file,id,id,number,false,true
idaenextScheme,app_version_file,heure,datetime,text,false,false
idaenextScheme,app_version_file,dateCreation,date,datetime,false,false
idaenextScheme,app_version_file_preprod,id,id,number,false,true
idaenextScheme,app_version_file_preprod,heure,datetime,text,false,false
idaenextScheme,app_version_file_preprod,dateCreation,date,datetime,false,false
idaenextScheme,categorie_produit,id,id,number,false,true
idaenextScheme,client,id,id,number,false,true
idaenextScheme,client,telephone2,phone,text,false,false
idaenextScheme,client,telephone,phone,text,false,false
idaenextScheme,client,description,text-long,text-block,false,false
idaenextScheme,client,mobile2,phone,text,false,false
idaenextScheme,client,mobile,phone,text,false,false
idaenextScheme,client,fax,phone,text,false,false
idaenextScheme,client_activite,id,id,number,false,true
idaenextScheme,client_categorie,id,id,number,false,true
idaenextScheme,client_categorie,description,text-long,text-block,false,false
idaenextScheme,client_type,id,id,number,false,true
idaenextScheme,client_type,description,text-long,text-block,false,false
idaenextScheme,commande,id,id,number,false,true
idaenextScheme,commande,totalMarge,currency,number,false,false
idaenextScheme,commande,totalTtc,currency,number,false,false
idaenextScheme,commande,totalTva,currency,number,false,false
idaenextScheme,commande,dateCreation,date,datetime,false,false
idaenextScheme,commande,description,text-long,text-block,false,false
idaenextScheme,commande,totalHt,currency,number,false,false
idaenextScheme,commande_ligne,id,id,number,false,true
idaenextScheme,commande_ligne,prix,currency,number,false,false
idaenextScheme,commande_ligne,total,currency,number,false,false
idaenextScheme,commande_statut,id,id,number,false,true
idaenextScheme,conge,id,id,number,false,true
idaenextScheme,conge,description,text-long,text-block,false,false
idaenextScheme,conge_statut,id,id,number,false,true
idaenextScheme,conge_statut,icon,text,icon,false,false
idaenextScheme,conge_type,id,id,number,false,true
idaenextScheme,contact,id,id,number,false,true
idaenextScheme,contact,telephone,phone,text,false,false
idaenextScheme,contact,mobile,phone,text,false,false
idaenextScheme,contact_type,id,id,number,false,true
idaenextScheme,contact_type,icon,text,icon,false,false
idaenextScheme,contrat,id,id,number,false,true
idaenextScheme,contrat,description,text-long,text-block,false,false
idaenextScheme,contrat_ligne,id,id,number,false,true
idaenextScheme,contrat_statut,id,id,number,false,true
idaenextScheme,contrat_statut,icon,text,icon,false,false
idaenextScheme,contrat_type,id,id,number,false,true
idaenextScheme,cron,id,id,number,false,true
idaenextScheme,cron_type,id,id,number,false,true
idaenextScheme,daemon,id,id,number,false,true
idaenextScheme,daemon,heureDebut,date,text,false,false
idaenextScheme,document,id,id,number,false,true
idaenextScheme,document,dateCreation,date,datetime,false,false
idaenextScheme,document,description,text,text-block,false,false
idaenextScheme,document_extension,id,id,number,false,true
idaenextScheme,document_type,id,id,number,false,true
idaenextScheme,email,id,id,number,false,true
idaenextScheme,email_mime,id,id,number,false,true
idaenextScheme,emailbox,id,id,number,false,true
idaenextScheme,entite,id,id,number,false,true
idaenextScheme,facture,id,id,number,false,true
idaenextScheme,facture,totalHt,currency,number,false,false
idaenextScheme,facture,totalTva,currency,number,false,false
idaenextScheme,facture,totalTtc,currency,number,false,false
idaenextScheme,facture,description,text,text-block,false,false
idaenextScheme,facture_ligne,id,id,number,false,true
idaenextScheme,facture_ligne,prix,currency,number,false,false
idaenextScheme,facture_ligne,totalHt,currency,number,false,false
idaenextScheme,facture_ligne,totalTtc,currency,number,false,false
idaenextScheme,facture_ligne,totalTva,currency,number,false,false
idaenextScheme,facture_ligne,description,text,text-block,false,false
idaenextScheme,financement,id,id,number,false,true
idaenextScheme,financement,montantEcheance,currency,number,false,false
idaenextScheme,financement,taux,currency,number,false,false
idaenextScheme,financement,montant,currency,number,false,false
idaenextScheme,financement_ligne,id,id,number,false,true
idaenextScheme,financement_ligne,montantEcheance,currency,number,false,false
idaenextScheme,financement_ligne,montant,currency,number,false,false
idaenextScheme,financement_ligne,total,currency,number,false,false
idaenextScheme,financement_ligne,prix,currency,number,false,false
idaenextScheme,financement_type,id,id,number,false,true
idaenextScheme,ged_bin,id,id,number,false,true
idaenextScheme,intervention_statut,id,id,number,false,true
idaenextScheme,intervention_statut,icon,text,icon,false,false
idaenextScheme,intervention_type,id,id,number,false,true
idaenextScheme,leaser,id,id,number,false,true
idaenextScheme,leaser,description,text-long,text-block,false,false
idaenextScheme,leaser,fax,phone,text,false,false
idaenextScheme,marque,id,id,number,false,true
idaenextScheme,marque,description,text-long,text-block,false,false
idaenextScheme,materiel,id,id,number,false,true
idaenextScheme,materiel,compteurNB,text,number,false,false
idaenextScheme,materiel,compteurCouleur,text,number,false,false
idaenextScheme,materiel,description,text,text-block,false,false
idaenextScheme,materiel_compteur,id,id,number,false,true
idaenextScheme,materiel_volume,id,id,number,false,true
idaenextScheme,materiel_volume,dateCreation,date,datetime,false,false
idaenextScheme,materiel_volume,valeur,text,number,false,false
idaenextScheme,opportunite,id,id,number,false,true
idaenextScheme,opportunite,rang,text,number,false,false
idaenextScheme,opportunite,montant,currency,number,false,false
idaenextScheme,opportunite,description,text-long,text-block,false,false
idaenextScheme,opportunite,montantRachat,currency,number,false,false
idaenextScheme,opportunite,marge,text,number,false,false
idaenextScheme,opportunite_ligne,id,id,number,false,true
idaenextScheme,opportunite_statut,id,id,number,false,true
idaenextScheme,opportunite_type,id,id,number,false,true
idaenextScheme,prestataire,id,id,number,false,true
idaenextScheme,produit,id,id,number,false,true
idaenextScheme,produit,description,text-long,text-block,false,false
idaenextScheme,produit,prix,currency,number,false,false
idaenextScheme,produit_gamme,id,id,number,false,true
idaenextScheme,prospect,id,id,number,false,true
idaenextScheme,prospect,description,text-long,text-block,false,false
idaenextScheme,prospect,telephone,phone,text,false,false
idaenextScheme,rachat,id,id,number,false,true
idaenextScheme,rachat,dateCreation,date,datetime,false,false
idaenextScheme,rachat,description,text-long,text-block,false,false
idaenextScheme,rachat,total,currency,number,false,false
idaenextScheme,rachat_ligne,id,id,number,false,true
idaenextScheme,ressource,id,id,number,false,true
idaenextScheme,ressource,description,text-long,text-block,false,false
idaenextScheme,secteur,id,id,number,false,true
idaenextScheme,site_type,id,id,number,false,true
idaenextScheme,tache,id,id,number,false,true
idaenextScheme,tache,description,text-long,text-block,false,false
idaenextScheme,tache,heureDebut,date,text,false,false
idaenextScheme,tache,heureFin,date,text,false,false
idaenextScheme,tache_statut,id,id,number,false,true
idaenextScheme,tache_statut,icon,text,icon,false,false
idaenextScheme,tache_statut,valeur,text,number,false,false
idaenextScheme,tache_type,id,id,number,false,true
idaenextScheme,tache_type,icon,text,icon,false,false
iotScheme,device_status,id,id,number,false,true
iotScheme,alert_status,id,id,number,false,true
iotScheme,severity,id,id,number,false,true
iotScheme,device_type,id,id,number,false,true
iotScheme,sensor_type,id,id,number,false,true
iotScheme,command_status,id,id,number,false,true
iotScheme,site,id,id,number,false,true
iotScheme,zone,id,id,number,false,true
iotScheme,zone,description,text-lg,text-block,false,false
iotScheme,gateway,id,id,number,false,true
iotScheme,firmware,id,id,number,false,true
iotScheme,firmware,version,text,number,true,false
iotScheme,device,id,id,number,false,true
iotScheme,sensor,id,id,number,false,true
iotScheme,reading,id,id,number,false,true
iotScheme,reading,value,number,text,true,false
iotScheme,reading,quality,number,text,false,false
iotScheme,reading_rollup,id,id,number,false,true
iotScheme,alert_rule,id,id,number,false,true
iotScheme,alert,id,id,number,false,true
iotScheme,command,id,id,number,false,true
iotScheme,maintenance_log,id,id,number,false,true
iotScheme,maintenance_log,description,text-lg,text-block,false,false
jobberScheme,job_status,id,id,number,false,true
jobberScheme,job_source,id,id,number,false,true
jobberScheme,contract_type,id,id,number,false,true
jobberScheme,seniority,id,id,number,false,true
jobberScheme,match_method,id,id,number,false,true
jobberScheme,skill_kind,id,id,number,false,true
jobberScheme,event_type,id,id,number,false,true
jobberScheme,skill,id,id,number,false,true
jobberScheme,company,id,id,number,false,true
jobberScheme,profile,id,id,number,false,true
jobberScheme,profile,phone,phone,text,false,false
jobberScheme,profile_skill,id,id,number,false,true
jobberScheme,email_message,id,id,number,false,true
jobberScheme,job,id,id,number,false,true
jobberScheme,job,description,text-long,text-block,false,false
jobberScheme,match_result,id,id,number,false,true
jobberScheme,job_skill,id,id,number,false,true
jobberScheme,job_event,id,id,number,false,true
latentScheme,project,id,id,number,false,true
latentScheme,characters,id,id,number,false,true
latentScheme,character_reference,id,id,number,false,true
latentScheme,character_reference,url,text,url,true,false
latentScheme,outfit,id,id,number,false,true
latentScheme,environments,id,id,number,false,true
latentScheme,audio,id,id,number,false,true
latentScheme,audio,url,text,url,true,false
latentScheme,timeline,id,id,number,false,true
latentScheme,frame,id,id,number,false,true
latentScheme,actor,id,id,number,false,true
latentScheme,frame_audio_track,id,id,number,false,true
latentScheme,markers,id,id,number,false,true
latentScheme,config,id,id,number,false,true
ledgerScheme,account_type,id,id,number,false,true
ledgerScheme,entry_status,id,id,number,false,true
ledgerScheme,period_status,id,id,number,false,true
ledgerScheme,invoice_status,id,id,number,false,true
ledgerScheme,currency,id,id,number,false,true
ledgerScheme,tax_rate,id,id,number,false,true
ledgerScheme,account,id,id,number,false,true
ledgerScheme,account,description,text-lg,text-block,false,false
ledgerScheme,fiscal_year,id,id,number,false,true
ledgerScheme,period,id,id,number,false,true
ledgerScheme,journal,id,id,number,false,true
ledgerScheme,party,id,id,number,false,true
ledgerScheme,party,phone,phone,text,false,false
ledgerScheme,journal_entry,id,id,number,false,true
ledgerScheme,entry_line,id,id,number,false,true
ledgerScheme,entry_line,description,text-lg,text-block,false,false
ledgerScheme,invoice,id,id,number,false,true
ledgerScheme,invoice,total,currency,number,true,false
ledgerScheme,invoice_line,id,id,number,false,true
ledgerScheme,invoice_line,description,text,text-block,true,false
ledgerScheme,payment,id,id,number,false,true
ledgerScheme,bank_statement,id,id,number,false,true
ledgerScheme,statement_line,id,id,number,false,true
masterScheme,org,id,id,number,false,true
masterScheme,org,version,text,number,false,false
masterScheme,org,status,text,status,false,false
masterScheme,model,id,id,number,false,true
masterScheme,model,version,text,number,false,false
masterScheme,model,status,text,status,false,false
masterScheme,model_collection,id,id,number,false,true
medbookScheme,appointment_status,id,id,number,false,true
medbookScheme,consultation_status,id,id,number,false,true
medbookScheme,payment_status,id,id,number,false,true
medbookScheme,appointment_type,id,id,number,false,true
medbookScheme,consultation_motive,id,id,number,false,true
medbookScheme,day_of_week,id,id,number,false,true
medbookScheme,insurance_provider,id,id,number,false,true
medbookScheme,insurance_provider,phone,phone,text,false,false
medbookScheme,specialty,id,id,number,false,true
medbookScheme,specialty,description,text-lg,text-block,false,false
medbookScheme,specialty,icon,image,icon,false,false
medbookScheme,act,id,id,number,false,true
medbookScheme,clinic,id,id,number,false,true
medbookScheme,clinic,phone,phone,text,false,false
medbookScheme,room,id,id,number,false,true
medbookScheme,practitioner,id,id,number,false,true
medbookScheme,practitioner,phone,phone,text,false,false
medbookScheme,practitioner_clinic,id,id,number,false,true
medbookScheme,practitioner_specialty,id,id,number,false,true
medbookScheme,availability_slot,id,id,number,false,true
medbookScheme,leave_period,id,id,number,false,true
medbookScheme,patient,id,id,number,false,true
medbookScheme,patient,phone,phone,text,false,false
medbookScheme,patient_document,id,id,number,false,true
medbookScheme,appointment,id,id,number,false,true
medbookScheme,consultation,id,id,number,false,true
medbookScheme,vital_record,id,id,number,false,true
medbookScheme,prescription,id,id,number,false,true
medbookScheme,prescription_item,id,id,number,false,true
medbookScheme,consultation_act,id,id,number,false,true
medbookScheme,invoice,id,id,number,false,true
medbookScheme,review,id,id,number,false,true
restauScheme,table_status,id,id,number,false,true
restauScheme,order_status,id,id,number,false,true
restauScheme,ticket_status,id,id,number,false,true
restauScheme,payment_status,id,id,number,false,true
restauScheme,reservation_status,id,id,number,false,true
restauScheme,course_type,id,id,number,false,true
restauScheme,station,id,id,number,false,true
restauScheme,payment_method,id,id,number,false,true
restauScheme,dining_room,id,id,number,false,true
restauScheme,resto_table,id,id,number,false,true
restauScheme,staff,id,id,number,false,true
restauScheme,staff,phone,phone,text,false,false
restauScheme,menu_category,id,id,number,false,true
restauScheme,menu_item,id,id,number,false,true
restauScheme,menu_item,description,text-lg,text-block,false,false
restauScheme,modifier_group,id,id,number,false,true
restauScheme,modifier,id,id,number,false,true
restauScheme,item_modifier_group,id,id,number,false,true
restauScheme,guest,id,id,number,false,true
restauScheme,guest,phone,phone,text,false,false
restauScheme,reservation,id,id,number,false,true
restauScheme,resto_order,id,id,number,false,true
restauScheme,resto_order,total,currency,number,false,false
restauScheme,order_line,id,id,number,false,true
restauScheme,order_line_modifier,id,id,number,false,true
restauScheme,kitchen_ticket,id,id,number,false,true
restauScheme,check_split,id,id,number,false,true
restauScheme,check_split,total,currency,number,true,false
restauScheme,payment,id,id,number,false,true
restauScheme,ingredient,id,id,number,false,true
restauScheme,recipe_line,id,id,number,false,true
schoolScheme,user_role,id,id,number,false,true
schoolScheme,attendance_status,id,id,number,false,true
schoolScheme,assignment_status,id,id,number,false,true
schoolScheme,absence_reason,id,id,number,false,true
schoolScheme,period_type,id,id,number,false,true
schoolScheme,relation_type,id,id,number,false,true
schoolScheme,day_of_week,id,id,number,false,true
schoolScheme,school,id,id,number,false,true
schoolScheme,school,phone,phone,text,false,false
schoolScheme,school_year,id,id,number,false,true
schoolScheme,term,id,id,number,false,true
schoolScheme,room,id,id,number,false,true
schoolScheme,subject,id,id,number,false,true
schoolScheme,subject,description,text-lg,text-block,false,false
schoolScheme,subject,icon,image,icon,false,false
schoolScheme,grade_level,id,id,number,false,true
schoolScheme,class_group,id,id,number,false,true
schoolScheme,staff,id,id,number,false,true
schoolScheme,staff,phone,phone,text,false,false
schoolScheme,teacher,id,id,number,false,true
schoolScheme,teacher,phone,phone,text,false,false
schoolScheme,student,id,id,number,false,true
schoolScheme,student,phone,phone,text,false,false
schoolScheme,guardian,id,id,number,false,true
schoolScheme,guardian,phone,phone,text,false,false
schoolScheme,student_guardian,id,id,number,false,true
schoolScheme,course,id,id,number,false,true
schoolScheme,schedule_slot,id,id,number,false,true
schoolScheme,lesson,id,id,number,false,true
schoolScheme,lesson,content,text-lg,text,false,false
schoolScheme,attendance,id,id,number,false,true
schoolScheme,absence,id,id,number,false,true
schoolScheme,assignment,id,id,number,false,true
schoolScheme,assignment,description,text-lg,text-block,false,false
schoolScheme,grade,id,id,number,false,true
schoolScheme,report_card,id,id,number,false,true
schoolScheme,message,id,id,number,false,true
tactacScheme,adresse_type,id,id,number,false,true
tactacScheme,agence,id,id,number,false,true
tactacScheme,agent,id,id,number,false,true
tactacScheme,agent,mobile,phone,text,false,false
tactacScheme,agent,telephone,phone,text,false,false
tactacScheme,agent,telephone2,phone,text,false,false
tactacScheme,agent,password,text,password,false,false
tactacScheme,agent,mailPassword,email,password,false,false
tactacScheme,agent_activite,id,id,number,false,true
tactacScheme,agent_activite,heure,datetime,text,false,false
tactacScheme,agent_history,id,id,number,false,true
tactacScheme,agent_history,heure,datetime,text,false,false
tactacScheme,agent_liste,id,id,number,false,true
tactacScheme,agent_liste_ligne,id,id,number,false,true
tactacScheme,agent_note,id,id,number,false,true
tactacScheme,agent_note,dateCreation,date,datetime,false,false
tactacScheme,agent_note,description,text-long,text-block,false,false
tactacScheme,agent_pref,id,id,number,false,true
tactacScheme,agent_recherche,id,id,number,false,true
tactacScheme,agent_table,id,id,number,false,true
tactacScheme,agent_tuile,id,id,number,false,true
tactacScheme,agent_type,id,id,number,false,true
tactacScheme,app_conf,id,id,number,false,true
tactacScheme,app_daemon,id,id,number,false,true
tactacScheme,app_version,id,id,number,false,true
tactacScheme,app_version,dateCreation,date,datetime,false,false
tactacScheme,app_version_file,id,id,number,false,true
tactacScheme,app_version_file,heure,datetime,text,false,false
tactacScheme,app_version_file,dateCreation,date,datetime,false,false
tactacScheme,app_version_file_preprod,id,id,number,false,true
tactacScheme,app_version_file_preprod,heure,datetime,text,false,false
tactacScheme,app_version_file_preprod,dateCreation,date,datetime,false,false
tactacScheme,cart,id,id,number,false,true
tactacScheme,cart,totalTtc,currency,number,false,false
tactacScheme,categorie_produit,id,id,number,false,true
tactacScheme,client,id,id,number,false,true
tactacScheme,client,telephone,phone,text,false,false
tactacScheme,client,description,text-long,text-block,false,false
tactacScheme,client,mobile,phone,text,false,false
tactacScheme,client,fax,phone,text,false,false
tactacScheme,client_categorie,id,id,number,false,true
tactacScheme,client_categorie,description,text-long,text-block,false,false
tactacScheme,client_type,id,id,number,false,true
tactacScheme,client_type,description,text-long,text-block,false,false
tactacScheme,comande_history,id,id,number,false,true
tactacScheme,commande,id,id,number,false,true
tactacScheme,commande,dateCreation,date,datetime,false,false
tactacScheme,commande,description,text-long,text-block,false,false
tactacScheme,commande,heure,datetime,text,false,false
tactacScheme,commande,telephone,phone,text,false,false
tactacScheme,commande,prix,currency,number,false,false
tactacScheme,commande,rang,text,number,false,false
tactacScheme,commande_facture,id,id,number,false,true
tactacScheme,commande_facture,marge,text,number,false,false
tactacScheme,commande_facture,heure,datetime,text,false,false
tactacScheme,commande_facture,total,currency,number,false,false
tactacScheme,commande_ligne,id,id,number,false,true
tactacScheme,commande_ligne,prix,currency,number,false,false
tactacScheme,commande_ligne,total,currency,number,false,false
tactacScheme,commande_ligne,description,text-long,text-block,false,false
tactacScheme,commande_proposition,id,id,number,false,true
tactacScheme,commande_proposition,dateCreation,date,datetime,false,false
tactacScheme,commande_proposition,heure,datetime,text,false,false
tactacScheme,commande_slot,id,id,number,false,true
tactacScheme,commande_slot_ligne,id,id,number,false,true
tactacScheme,commande_statut,id,id,number,false,true
tactacScheme,commande_statut,icon,text,icon,false,false
tactacScheme,commune,id,id,number,false,true
tactacScheme,contact_type,id,id,number,false,true
tactacScheme,contact_type,icon,text,icon,false,false
tactacScheme,cron,id,id,number,false,true
tactacScheme,daemon,id,id,number,false,true
tactacScheme,daemon,heureDebut,date,text,false,false
tactacScheme,entite,id,id,number,false,true
tactacScheme,facture,id,id,number,false,true
tactacScheme,facture,totalHt,currency,number,false,false
tactacScheme,facture,totalTva,currency,number,false,false
tactacScheme,facture,totalTtc,currency,number,false,false
tactacScheme,facture_ligne,id,id,number,false,true
tactacScheme,facture_ligne,prix,currency,number,false,false
tactacScheme,facture_ligne,totalHt,currency,number,false,false
tactacScheme,facture_ligne,totalTtc,currency,number,false,false
tactacScheme,facture_ligne,totalTva,currency,number,false,false
tactacScheme,jours,id,id,number,false,true
tactacScheme,livraison,id,id,number,false,true
tactacScheme,livraison,heureDebut,date,text,false,false
tactacScheme,livraison,heureFin,date,text,false,false
tactacScheme,livraison_statut,id,id,number,false,true
tactacScheme,livreur,id,id,number,false,true
tactacScheme,livreur,mobile,phone,text,false,false
tactacScheme,livreur,password,text,password,false,false
tactacScheme,livreur_affectation,id,id,number,false,true
tactacScheme,livreur_affectation,heureDebut,date,text,true,false
tactacScheme,livreur_affectation,heureFin,date,text,true,false
tactacScheme,produit,id,id,number,false,true
tactacScheme,produit,description,text-long,text-block,false,false
tactacScheme,produit,prix,currency,number,true,false
tactacScheme,produit_categorie,id,id,number,false,true
tactacScheme,produit_type,id,id,number,false,true
tactacScheme,secteur,id,id,number,false,true
tactacScheme,secteur,latitude,text,number,false,false
tactacScheme,secteur,longitude,text,number,false,false
tactacScheme,secteur_jours_shift,id,id,number,false,true
tactacScheme,secteur_jours_shift,heureDebut,date,text,false,false
tactacScheme,secteur_jours_shift,heureFin,date,text,false,false
tactacScheme,shop,id,id,number,false,true
tactacScheme,shop,description,text-long,text-block,false,false
tactacScheme,shop,telephone,phone,text,true,false
tactacScheme,shop,password,text,password,false,false
tactacScheme,shop,latitude,text,number,false,false
tactacScheme,shop,longitude,text,number,false,false
tactacScheme,shop_categorie,id,id,number,false,true
tactacScheme,shop_client,id,id,number,false,true
tactacScheme,shop_client,telephone,phone,text,false,false
tactacScheme,shop_client,mobile,phone,text,false,false
tactacScheme,shop_configuration,id,id,number,false,true
tactacScheme,shop_configuration_ligne,id,id,number,false,true
tactacScheme,shop_jours,id,id,number,false,true
tactacScheme,shop_jours_shift,id,id,number,false,true
tactacScheme,shop_jours_shift,heureDebut,date,text,false,false
tactacScheme,shop_jours_shift,heureFin,date,text,false,false
tactacScheme,shop_jours_shift_run,id,id,number,false,true
tactacScheme,shop_jours_shift_run,heureDebut,date,text,false,false
tactacScheme,shop_jours_shift_run,heureFin,date,text,false,false
tactacScheme,shop_type,id,id,number,false,true
tactacScheme,tache,id,id,number,false,true
tactacScheme,tache,description,text-long,text-block,false,false
tactacScheme,tache,heureDebut,date,text,false,false
tactacScheme,tache,heureFin,date,text,false,false
tactacScheme,tache_statut,id,id,number,false,true
tactacScheme,tache_statut,icon,text,icon,false,false
tactacScheme,tache_type,id,id,number,false,true
tactacScheme,ville,id,id,number,false,true